﻿{
  "ProviderId": "Microsoft.VisualStudio.ConnectedService.Wcf",
  "Version": "15.0.40203.910",
  "GettingStartedDocument": {
    "Uri": "https://go.microsoft.com/fwlink/?linkid=858517"
  },
  "ExtendedData": {
    "inputs": [
      "https://sonictest.vehicle.connectcdk.com/SIMS/ADPVehicleValuationSvc/ADPVehicleValuationSvc.asmx"
    ],
    "collectionTypes": [
      "System.Array",
      "System.Collections.Generic.Dictionary`2"
    ],
    "namespaceMappings": [
      "*, CDKReference"
    ],
    "references": [
      "Microsoft.AspNetCore.Mvc.Versioning, {Microsoft.AspNetCore.Mvc.Versioning, 5.0.0}",
      "Microsoft.AspNetCore.Mvc.Versioning.ApiExplorer, {Microsoft.AspNetCore.Mvc.Versioning.ApiExplorer, 5.0.0}",
      "Microsoft.OpenApi, {Microsoft.OpenApi, 1.2.3}",
      "Swashbuckle.AspNetCore.Swagger, {Swashbuckle.AspNetCore.Swagger, 6.1.1}",
      "Swashbuckle.AspNetCore.SwaggerGen, {Swashbuckle.AspNetCore.SwaggerGen, 6.1.1}",
      "Swashbuckle.AspNetCore.SwaggerUI, {Swashbuckle.AspNetCore.SwaggerUI, 6.1.1}"
    ],
    "targetFramework": "netcoreapp3.1",
    "typeReuseMode": "All"
  }
}