<?xml version="1.0"?>
<doc>
    <assembly>
        <name>Sonic.Chrome.Api</name>
    </assembly>
    <members>
        <member name="M:Sonic.Chrome.Api.Controllers.ChromeController.GetYears(System.String)">
            <summary>
            Get Year List From Chrome Services
            </summary>
            <remarks>Get Year List From Chrome Services </remarks>
            <param name="requestSource">Source of the request, where it is getting called from. Ex:OneSIMS Portal,Service</param>
            <response code="200">Returns the Year list </response>                    
            <response code="401">Unauthorization</response>                    
            <response code="400">Bad Request</response>                    
            <response code="500">Internal Server Error</response>   
        </member>
        <member name="M:Sonic.Chrome.Api.Controllers.ChromeController.GetMakes(Sonic.Chrome.Api.Entities.MakeRequest)">
            <summary>
            Get Makes based on the specific year provided.
            </summary>
            <remarks>Get Makes based on the specific year provided.</remarks>
            <param name="requestSource">Source of the request, where it is getting called from. Ex:OneSIMS Portal,Service</param>
            <param name="year">year Ex: 2016</param>       
            <response code="200">Returns Makes</response>                
            <response code="400">Bad Request</response>        
            <response code="401">Unauthorized</response> 
            <response code="500">Internal Server Error</response>   
        </member>
        <member name="M:Sonic.Chrome.Api.Controllers.ChromeController.GetModels(Sonic.Chrome.Api.Entities.ModelRequest)">
            <summary>
            Get models for specific year and make
            </summary>
            <remarks>Get models for specific year and make</remarks>
            <param name="requestSource">Source of the request, where it is getting called from. Ex:OneSIMS Portal,Service</param>
            <param name="year">The Id of Year Ex:2016</param>
            <param name="makeid">The Id of Make Ex:BMW,Acura</param>
            <response code="200">Returns the models for specific year and make</response>
            <response code="404">Models not found for given year and make</response>
            <response code="400">Bad Request</response>                    
            <response code="401">Unauthorized</response> 
            <response code="500">Internal Server Error</response> 
        </member>
        <member name="M:Sonic.Chrome.Api.Controllers.ChromeController.GetTrims(Sonic.Chrome.Api.Entities.StyleRequest)">
            <summary>
            Get trims styles by id for a specific model
            </summary>
            <remarks>Get trims styles by id for a specific model</remarks>
            <param name="requestSource">Source of the request, where it is getting called from. Ex:OneSIMS Portal,Service</param>
            <param name="modelid">The Id of Model Ex:46 </param>
            <response code="200">Returns the trims for specific model</response>
            <response code="404">Trims not found for specific model</response>
            <response code="400">Bad Request</response>                    
            <response code="401">Unauthorized</response> 
            <response code="500">Internal Server Error</response> 
        </member>
        <member name="M:Sonic.Chrome.Api.Controllers.ChromeController.GetTrims(Sonic.Chrome.Api.Entities.TrimRequest)">
            <summary>
            Method to get list of Trims(style Trim and style name combo) based on ModelYear ,Make Name ,Model Name.
            </summary>
            <remarks>Method to get list of Trims(style Trim and style name combo) based on ModelYear ,Make Name ,Model Name.</remarks>
            <param name="requestSource"></param>
            <param name="ModelYear"></param>
            <param name="MakeName"></param>
            <param name="ModelName"></param>
            <response code="200">Returns the trims for specific model</response>
            <response code="404">Trims not found for specific model</response>
            <response code="400">Bad Request</response>                    
            <response code="401">Unauthorized</response> 
            <response code="500">Internal Server Error</response> 
        </member>
        <member name="M:Sonic.Chrome.Api.Controllers.ChromeController.GetDecodeVIN(Sonic.Chrome.Api.Entities.DecodeVINRequest)">
            <summary>
            Get Decoded Vin based on vin.
            </summary>
            <param name="requestSource">Source of the request, where it is getting called from. Ex:OneSIMS Portal,Service</param>
            <param name="vin">vin to decode vehicle details, for Ex:5YJXCAE46GF000944</param>
            <response code="200">Returns the vehicle properties for specific VIN</response>        
            <response code="404">Vehcile details are not found for given VIN</response>   
            <response code="400">Bad Request</response>   
            <response code="401">UnAutherized</response>
            <response code="500">Internal Server Error</response> 
            <remarks>        
            ### The complete vehicle properties will return as below:
             Year|Make|Model|Transmission
             ----|----|-----|------------
             2020|BMW |BMW  |Manual 
            </remarks>
        </member>
        <member name="M:Sonic.Chrome.Api.Controllers.ChromeController.GetDecodeVIN_NonBuildData(Sonic.Chrome.Api.Entities.DecodeVINRequest)">
            <summary>
            Get Decoded Vin based on vin.
            </summary>
            <param name="requestSource">Source of the request, where it is getting called from. Ex:OneSIMS Portal,Service</param>
            <param name="vin">vin to decode vehicle details, for Ex:5YJXCAE46GF000944</param>
            <response code="200">Returns the vehicle properties for specific VIN</response>        
            <response code="404">Vehcile details are not found for given VIN</response>   
            <response code="400">Bad Request</response>   
            <response code="401">UnAutherized</response>
            <response code="500">Internal Server Error</response> 
            <remarks>        
            ### The complete vehicle properties will return as below:
             Year|Make|Model|Transmission
             ----|----|-----|------------
             2020|BMW |BMW  |Manual 
            </remarks>
        </member>
        <member name="M:Sonic.Chrome.Api.Controllers.ChromeController.GetDecodeBadVIN(Sonic.Chrome.Api.Entities.DecodeBadVINRequest)">
            <summary>
            Get Decoded Vin based on vin.
            </summary>
            <param name="requestSource">Source of the request, where it is getting called from. Ex:OneSIMS Portal,Service</param>
            <param name="vin">vin to decode vehicle details, for Ex:5YJXCAE46GF000944</param>
            <response code="200">Returns the vehicle properties for specific VIN</response>        
            <response code="404">Vehcile details are not found for given VIN</response>   
            <response code="400">Bad Request</response>   
            <response code="401">UnAutherized</response>
            <response code="500">Internal Server Error</response> 
            <remarks>        
            ### The complete vehicle properties will return as below:
             Year|Make|Model|Transmission
             ----|----|-----|------------
             2020|BMW |BMW  |Manual 
            </remarks>
        </member>
        <member name="P:Sonic.Chrome.Api.Entities.DecodeBadVINRequest.RequestSource">
            <summary>
            Source of the request, where it is getting called from. Ex: OneSIMS Portal, Service, Mobile, OnlineWidget, CDK etc..
            </summary>
        </member>
        <member name="P:Sonic.Chrome.Api.Entities.DecodeBadVINRequest.StyleId">
            <summary>
            StyleId for BadVIN to be decoded
            </summary>
        </member>
        <member name="P:Sonic.Chrome.Api.Entities.DecodeVINRequest.RequestSource">
            <summary>
            Source of the request, where it is getting called from. Ex: OneSIMS Portal, Service, Mobile, OnlineWidget, CDK etc..
            </summary>
        </member>
        <member name="P:Sonic.Chrome.Api.Entities.DecodeVINRequest.VIN">
            <summary>
            VIN to be decoded
            </summary>
        </member>
        <member name="T:Sonic.Chrome.Api.Entities.Make">
            <summary>
            A Make model
            </summary>
        </member>
        <member name="P:Sonic.Chrome.Api.Entities.Make.ID">
            <summary>
            The ID of the Make
            </summary> 
            <example>1</example>
        </member>
        <member name="P:Sonic.Chrome.Api.Entities.Make.Value">
            <summary>
            The value of Make
            </summary>
        </member>
        <member name="P:Sonic.Chrome.Api.Entities.MakeRequest.RequestSource">
            <summary>
            Source of the request, where it is getting called from. Ex: SIMS, OnlineWidget, CDK, Mobile etc..
            </summary>
        </member>
        <member name="P:Sonic.Chrome.Api.Entities.MakeRequest.YearId">
            <summary>
            Provide a Year to retrieve list of Makes. Ex: 2020 or 2021
            </summary>
        </member>
        <member name="T:Sonic.Chrome.Api.Entities.Model">
            <summary>
            Model
            </summary>
        </member>
        <member name="P:Sonic.Chrome.Api.Entities.Model.ID">
            <summary>
            The Id of the Model
            </summary>
            <example>1</example> 
        </member>
        <member name="P:Sonic.Chrome.Api.Entities.Model.Value">
            <summary>
            The Value of Model
            </summary>
        </member>
        <member name="P:Sonic.Chrome.Api.Entities.ModelRequest.RequestSource">
            <summary>
            Source of the request, where it is getting called from. Ex: SIMS, OnlineWidget, CDK, Mobile etc..
            </summary>
        </member>
        <member name="P:Sonic.Chrome.Api.Entities.ModelRequest.YearId">
            <summary>
            Provide a Year to retrieve list of Makes. Ex: 2020 or 2021
            </summary>
        </member>
        <member name="P:Sonic.Chrome.Api.Entities.ModelRequest.MakeId">
            <summary>
            MakeId for the selected YearId
            </summary>
        </member>
        <member name="P:Sonic.Chrome.Api.Entities.StyleRequest.RequestSource">
            <summary>
            Source of the request, where it is getting called from. Ex: SIMS, OnlineWidget, CDK, Mobile etc..
            </summary>
        </member>
        <member name="P:Sonic.Chrome.Api.Entities.StyleRequest.ModelId">
            <summary>
            Provide Id of Model Ex:46 
            </summary>
        </member>
        <member name="T:Sonic.Chrome.Api.Entities.Trim">
            <summary>
             Trim
            </summary>
        </member>
        <member name="P:Sonic.Chrome.Api.Entities.Trim.ID">
            <summary>
            The Id of the Trim 
            </summary>
            <example>1</example>
        </member>
        <member name="P:Sonic.Chrome.Api.Entities.Trim.Value">
            <summary>
            The Valud of Trim
            </summary>
        </member>
        <member name="P:Sonic.Chrome.Api.Entities.TrimRequest.Year">
            <summary>
            Year 
            </summary>
        </member>
        <member name="P:Sonic.Chrome.Api.Entities.TrimRequest.Make">
            <summary>
            Make 
            </summary>
        </member>
        <member name="P:Sonic.Chrome.Api.Entities.TrimRequest.Model">
            <summary>
            Model
            </summary>
        </member>
        <member name="T:Sonic.Chrome.Api.Entities.EngineDetails">
            <summary>
            To get all engine properties.
            </summary>
        </member>
        <member name="T:Sonic.Chrome.Api.Entities.IDValueComparer">
            <summary>
            For comparing the objects while adding it to the list
            </summary>
        </member>
        <member name="T:Sonic.Chrome.Api.Entities.IDAndValueComparer">
            <summary>
            For comparing the objects by considering ID and Value while adding it to the list
            </summary>
        </member>
        <member name="T:Sonic.Chrome.Api.Entities.OptionValues">
            <summary>
            Holds the Optional details
            </summary>
        </member>
        <member name="T:Sonic.Chrome.Api.Entities.Year">
            <summary>
            Year
            </summary>
        </member>
        <member name="P:Sonic.Chrome.Api.Entities.Year.ID">
            <summary>
            The Id of the year
            </summary>
            <example>2020</example>
        </member>
        <member name="P:Sonic.Chrome.Api.Entities.Year.Value">
            <summary>
            The Value of the year
            </summary>
            <example>2020</example>
        </member>
        <member name="T:Sonic.Chrome.Api.Helpers.ValidateModelStateAttribute">
            <summary>
            Model state validation attribute
            </summary>
        </member>
        <member name="M:Sonic.Chrome.Api.Helpers.ValidateModelStateAttribute.OnActionExecuting(Microsoft.AspNetCore.Mvc.Filters.ActionExecutingContext)">
            <summary>
            Called before the action method is invoked
            </summary>
            <param name="context"></param>
        </member>
        <member name="T:Sonic.Chrome.Api.Security.BasicAuthenticationHandler">
            <summary>
            class to handle basic authentication.
            </summary>
        </member>
        <member name="F:Sonic.Chrome.Api.Security.BasicAuthenticationHandler.SchemeName">
            <summary>
            scheme name for authentication handler.
            </summary>
        </member>
        <member name="M:Sonic.Chrome.Api.Security.BasicAuthenticationHandler.HandleAuthenticateAsync">
            <summary>
            verify that require authorization header exists and handle decode data.
            </summary>
        </member>
        <member name="T:ChromeServiceReference.BaseRequest">
            <remarks/>
        </member>
        <member name="P:ChromeServiceReference.BaseRequest.accountInfo">
            <remarks/>
        </member>
        <member name="T:ChromeServiceReference.AccountInfo">
            <remarks/>
        </member>
        <member name="P:ChromeServiceReference.AccountInfo.number">
            <remarks/>
        </member>
        <member name="P:ChromeServiceReference.AccountInfo.secret">
            <remarks/>
        </member>
        <member name="P:ChromeServiceReference.AccountInfo.country">
            <remarks/>
        </member>
        <member name="P:ChromeServiceReference.AccountInfo.language">
            <remarks/>
        </member>
        <member name="P:ChromeServiceReference.AccountInfo.behalfOf">
            <remarks/>
        </member>
        <member name="T:ChromeServiceReference.PriceRange">
            <remarks/>
        </member>
        <member name="P:ChromeServiceReference.PriceRange.invoice">
            <remarks/>
        </member>
        <member name="P:ChromeServiceReference.PriceRange.msrp">
            <remarks/>
        </member>
        <member name="P:ChromeServiceReference.PriceRange.destination">
            <remarks/>
        </member>
        <member name="P:ChromeServiceReference.PriceRange.unknown">
            <remarks/>
        </member>
        <member name="P:ChromeServiceReference.PriceRange.unknownSpecified">
            <remarks/>
        </member>
        <member name="T:ChromeServiceReference.Range">
            <remarks/>
        </member>
        <member name="P:ChromeServiceReference.Range.low">
            <remarks/>
        </member>
        <member name="P:ChromeServiceReference.Range.lowSpecified">
            <remarks/>
        </member>
        <member name="P:ChromeServiceReference.Range.high">
            <remarks/>
        </member>
        <member name="P:ChromeServiceReference.Range.highSpecified">
            <remarks/>
        </member>
        <member name="T:ChromeServiceReference.GenericColor">
            <remarks/>
        </member>
        <member name="P:ChromeServiceReference.GenericColor.installed">
            <remarks/>
        </member>
        <member name="P:ChromeServiceReference.GenericColor.name">
            <remarks/>
        </member>
        <member name="P:ChromeServiceReference.GenericColor.primary">
            <remarks/>
        </member>
        <member name="P:ChromeServiceReference.GenericColor.primarySpecified">
            <remarks/>
        </member>
        <member name="T:ChromeServiceReference.InstallationCause">
            <remarks/>
        </member>
        <member name="P:ChromeServiceReference.InstallationCause.cause">
            <remarks/>
        </member>
        <member name="P:ChromeServiceReference.InstallationCause.detail">
            <remarks/>
        </member>
        <member name="T:ChromeServiceReference.InstallationCauseCause">
            <remarks/>
        </member>
        <member name="F:ChromeServiceReference.InstallationCauseCause.Engine">
            <remarks/>
        </member>
        <member name="F:ChromeServiceReference.InstallationCauseCause.RelatedCategory">
            <remarks/>
        </member>
        <member name="F:ChromeServiceReference.InstallationCauseCause.RelatedColor">
            <remarks/>
        </member>
        <member name="F:ChromeServiceReference.InstallationCauseCause.CategoryLogic">
            <remarks/>
        </member>
        <member name="F:ChromeServiceReference.InstallationCauseCause.OptionLogic">
            <remarks/>
        </member>
        <member name="F:ChromeServiceReference.InstallationCauseCause.OptionCodeBuild">
            <remarks/>
        </member>
        <member name="F:ChromeServiceReference.InstallationCauseCause.ExteriorColorBuild">
            <remarks/>
        </member>
        <member name="F:ChromeServiceReference.InstallationCauseCause.InteriorColorBuild">
            <remarks/>
        </member>
        <member name="F:ChromeServiceReference.InstallationCauseCause.EquipmentDescriptionInput">
            <remarks/>
        </member>
        <member name="F:ChromeServiceReference.InstallationCauseCause.ExteriorColorInput">
            <remarks/>
        </member>
        <member name="F:ChromeServiceReference.InstallationCauseCause.InteriorColorInput">
            <remarks/>
        </member>
        <member name="F:ChromeServiceReference.InstallationCauseCause.OptionCodeInput">
            <remarks/>
        </member>
        <member name="F:ChromeServiceReference.InstallationCauseCause.BaseEquipment">
            <remarks/>
        </member>
        <member name="F:ChromeServiceReference.InstallationCauseCause.VIN">
            <remarks/>
        </member>
        <member name="F:ChromeServiceReference.InstallationCauseCause.NonFactoryEquipmentInput">
            <remarks/>
        </member>
        <member name="T:ChromeServiceReference.Color">
            <remarks/>
        </member>
        <member name="P:ChromeServiceReference.Color.genericColor">
            <remarks/>
        </member>
        <member name="P:ChromeServiceReference.Color.styleId">
            <remarks/>
        </member>
        <member name="P:ChromeServiceReference.Color.installed">
            <remarks/>
        </member>
        <member name="P:ChromeServiceReference.Color.colorCode">
            <remarks/>
        </member>
        <member name="P:ChromeServiceReference.Color.colorName">
            <remarks/>
        </member>
        <member name="P:ChromeServiceReference.Color.rgbValue">
            <remarks/>
        </member>
        <member name="T:ChromeServiceReference.TechnicalSpecificationDefinition">
            <remarks/>
        </member>
        <member name="P:ChromeServiceReference.TechnicalSpecificationDefinition.group">
            <remarks/>
        </member>
        <member name="P:ChromeServiceReference.TechnicalSpecificationDefinition.header">
            <remarks/>
        </member>
        <member name="P:ChromeServiceReference.TechnicalSpecificationDefinition.title">
            <remarks/>
        </member>
        <member name="P:ChromeServiceReference.TechnicalSpecificationDefinition.measurementUnit">
            <remarks/>
        </member>
        <member name="T:ChromeServiceReference.IdentifiedString">
            <remarks/>
        </member>
        <member name="P:ChromeServiceReference.IdentifiedString.id">
            <remarks/>
        </member>
        <member name="P:ChromeServiceReference.IdentifiedString.Value">
            <remarks/>
        </member>
        <member name="T:ChromeServiceReference.TechnicalSpecification">
            <remarks/>
        </member>
        <member name="P:ChromeServiceReference.TechnicalSpecification.Item">
            <remarks/>
        </member>
        <member name="P:ChromeServiceReference.TechnicalSpecification.range">
            <remarks/>
        </member>
        <member name="P:ChromeServiceReference.TechnicalSpecification.value">
            <remarks/>
        </member>
        <member name="T:ChromeServiceReference.TechnicalSpecificationRange">
            <remarks/>
        </member>
        <member name="P:ChromeServiceReference.TechnicalSpecificationRange.min">
            <remarks/>
        </member>
        <member name="P:ChromeServiceReference.TechnicalSpecificationRange.max">
            <remarks/>
        </member>
        <member name="T:ChromeServiceReference.TechnicalSpecificationValue">
            <remarks/>
        </member>
        <member name="P:ChromeServiceReference.TechnicalSpecificationValue.styleId">
            <remarks/>
        </member>
        <member name="P:ChromeServiceReference.TechnicalSpecificationValue.value">
            <remarks/>
        </member>
        <member name="P:ChromeServiceReference.TechnicalSpecificationValue.condition">
            <remarks/>
        </member>
        <member name="T:ChromeServiceReference.ConsumerInformation">
            <remarks/>
        </member>
        <member name="P:ChromeServiceReference.ConsumerInformation.type">
            <remarks/>
        </member>
        <member name="P:ChromeServiceReference.ConsumerInformation.item">
            <remarks/>
        </member>
        <member name="P:ChromeServiceReference.ConsumerInformation.styleId">
            <remarks/>
        </member>
        <member name="T:ChromeServiceReference.ConsumerInformationItem">
            <remarks/>
        </member>
        <member name="P:ChromeServiceReference.ConsumerInformationItem.name">
            <remarks/>
        </member>
        <member name="P:ChromeServiceReference.ConsumerInformationItem.conditionNote">
            <remarks/>
        </member>
        <member name="P:ChromeServiceReference.ConsumerInformationItem.value">
            <remarks/>
        </member>
        <member name="T:ChromeServiceReference.GenericEquipment">
            <remarks/>
        </member>
        <member name="P:ChromeServiceReference.GenericEquipment.Item">
            <remarks/>
        </member>
        <member name="P:ChromeServiceReference.GenericEquipment.styleId">
            <remarks/>
        </member>
        <member name="P:ChromeServiceReference.GenericEquipment.installed">
            <remarks/>
        </member>
        <member name="T:ChromeServiceReference.CategoryDefinition">
            <remarks/>
        </member>
        <member name="P:ChromeServiceReference.CategoryDefinition.group">
            <remarks/>
        </member>
        <member name="P:ChromeServiceReference.CategoryDefinition.header">
            <remarks/>
        </member>
        <member name="P:ChromeServiceReference.CategoryDefinition.category">
            <remarks/>
        </member>
        <member name="P:ChromeServiceReference.CategoryDefinition.type">
            <remarks/>
        </member>
        <member name="T:ChromeServiceReference.OptionPrice">
            <remarks/>
        </member>
        <member name="P:ChromeServiceReference.OptionPrice.unknown">
            <remarks/>
        </member>
        <member name="P:ChromeServiceReference.OptionPrice.unknownSpecified">
            <remarks/>
        </member>
        <member name="P:ChromeServiceReference.OptionPrice.invoiceMin">
            <remarks/>
        </member>
        <member name="P:ChromeServiceReference.OptionPrice.invoiceMinSpecified">
            <remarks/>
        </member>
        <member name="P:ChromeServiceReference.OptionPrice.invoiceMax">
            <remarks/>
        </member>
        <member name="P:ChromeServiceReference.OptionPrice.invoiceMaxSpecified">
            <remarks/>
        </member>
        <member name="P:ChromeServiceReference.OptionPrice.msrpMin">
            <remarks/>
        </member>
        <member name="P:ChromeServiceReference.OptionPrice.msrpMinSpecified">
            <remarks/>
        </member>
        <member name="P:ChromeServiceReference.OptionPrice.msrpMax">
            <remarks/>
        </member>
        <member name="P:ChromeServiceReference.OptionPrice.msrpMaxSpecified">
            <remarks/>
        </member>
        <member name="T:ChromeServiceReference.Option">
            <remarks/>
        </member>
        <member name="P:ChromeServiceReference.Option.header">
            <remarks/>
        </member>
        <member name="P:ChromeServiceReference.Option.description">
            <remarks/>
        </member>
        <member name="P:ChromeServiceReference.Option.category">
            <remarks/>
        </member>
        <member name="P:ChromeServiceReference.Option.price">
            <remarks/>
        </member>
        <member name="P:ChromeServiceReference.Option.styleId">
            <remarks/>
        </member>
        <member name="P:ChromeServiceReference.Option.installed">
            <remarks/>
        </member>
        <member name="P:ChromeServiceReference.Option.ambiguousOption">
            <remarks/>
        </member>
        <member name="P:ChromeServiceReference.Option.chromeCode">
            <remarks/>
        </member>
        <member name="P:ChromeServiceReference.Option.oemCode">
            <remarks/>
        </member>
        <member name="P:ChromeServiceReference.Option.altOptionCode">
            <remarks/>
        </member>
        <member name="P:ChromeServiceReference.Option.standard">
            <remarks/>
        </member>
        <member name="P:ChromeServiceReference.Option.standardSpecified">
            <remarks/>
        </member>
        <member name="P:ChromeServiceReference.Option.optionKindId">
            <remarks/>
        </member>
        <member name="P:ChromeServiceReference.Option.optionKindIdSpecified">
            <remarks/>
        </member>
        <member name="P:ChromeServiceReference.Option.utf">
            <remarks/>
        </member>
        <member name="P:ChromeServiceReference.Option.fleetOnly">
            <remarks/>
        </member>
        <member name="P:ChromeServiceReference.Option.fleetOnlySpecified">
            <remarks/>
        </member>
        <member name="T:ChromeServiceReference.CategoryAssociation">
            <remarks/>
        </member>
        <member name="P:ChromeServiceReference.CategoryAssociation.id">
            <remarks/>
        </member>
        <member name="P:ChromeServiceReference.CategoryAssociation.removed">
            <remarks/>
        </member>
        <member name="P:ChromeServiceReference.CategoryAssociation.removedSpecified">
            <remarks/>
        </member>
        <member name="T:ChromeServiceReference.Standard">
            <remarks/>
        </member>
        <member name="P:ChromeServiceReference.Standard.header">
            <remarks/>
        </member>
        <member name="P:ChromeServiceReference.Standard.description">
            <remarks/>
        </member>
        <member name="P:ChromeServiceReference.Standard.category">
            <remarks/>
        </member>
        <member name="P:ChromeServiceReference.Standard.styleId">
            <remarks/>
        </member>
        <member name="P:ChromeServiceReference.Standard.installed">
            <remarks/>
        </member>
        <member name="T:ChromeServiceReference.ValueRPM">
            <remarks/>
        </member>
        <member name="P:ChromeServiceReference.ValueRPM.value">
            <remarks/>
        </member>
        <member name="P:ChromeServiceReference.ValueRPM.valueSpecified">
            <remarks/>
        </member>
        <member name="P:ChromeServiceReference.ValueRPM.rpm">
            <remarks/>
        </member>
        <member name="P:ChromeServiceReference.ValueRPM.rpmSpecified">
            <remarks/>
        </member>
        <member name="T:ChromeServiceReference.Engine">
            <remarks/>
        </member>
        <member name="P:ChromeServiceReference.Engine.engineType">
            <remarks/>
        </member>
        <member name="P:ChromeServiceReference.Engine.fuelType">
            <remarks/>
        </member>
        <member name="P:ChromeServiceReference.Engine.horsepower">
            <remarks/>
        </member>
        <member name="P:ChromeServiceReference.Engine.netTorque">
            <remarks/>
        </member>
        <member name="P:ChromeServiceReference.Engine.cylinders">
            <remarks/>
        </member>
        <member name="P:ChromeServiceReference.Engine.cylindersSpecified">
            <remarks/>
        </member>
        <member name="P:ChromeServiceReference.Engine.displacement">
            <remarks/>
        </member>
        <member name="P:ChromeServiceReference.Engine.fuelEconomy">
            <remarks/>
        </member>
        <member name="P:ChromeServiceReference.Engine.fuelCapacity">
            <remarks/>
        </member>
        <member name="P:ChromeServiceReference.Engine.forcedInduction">
            <remarks/>
        </member>
        <member name="P:ChromeServiceReference.Engine.installed">
            <remarks/>
        </member>
        <member name="P:ChromeServiceReference.Engine.highOutput">
            <remarks/>
        </member>
        <member name="P:ChromeServiceReference.Engine.highOutputSpecified">
            <remarks/>
        </member>
        <member name="T:ChromeServiceReference.EngineDisplacement">
            <remarks/>
        </member>
        <member name="P:ChromeServiceReference.EngineDisplacement.liters">
            <remarks/>
        </member>
        <member name="P:ChromeServiceReference.EngineDisplacement.litersSpecified">
            <remarks/>
        </member>
        <member name="P:ChromeServiceReference.EngineDisplacement.cubicIn">
            <remarks/>
        </member>
        <member name="P:ChromeServiceReference.EngineDisplacement.cubicInSpecified">
            <remarks/>
        </member>
        <member name="T:ChromeServiceReference.EngineFuelEconomy">
            <remarks/>
        </member>
        <member name="P:ChromeServiceReference.EngineFuelEconomy.city">
            <remarks/>
        </member>
        <member name="P:ChromeServiceReference.EngineFuelEconomy.hwy">
            <remarks/>
        </member>
        <member name="P:ChromeServiceReference.EngineFuelEconomy.unit">
            <remarks/>
        </member>
        <member name="T:ChromeServiceReference.EngineFuelCapacity">
            <remarks/>
        </member>
        <member name="P:ChromeServiceReference.EngineFuelCapacity.unit">
            <remarks/>
        </member>
        <member name="T:ChromeServiceReference.MediaGallery">
            <remarks/>
        </member>
        <member name="P:ChromeServiceReference.MediaGallery.view">
            <remarks/>
        </member>
        <member name="P:ChromeServiceReference.MediaGallery.colorized">
            <remarks/>
        </member>
        <member name="P:ChromeServiceReference.MediaGallery.styleId">
            <remarks/>
        </member>
        <member name="P:ChromeServiceReference.MediaGallery.styleIdSpecified">
            <remarks/>
        </member>
        <member name="T:ChromeServiceReference.MediaGalleryView">
            <remarks/>
        </member>
        <member name="P:ChromeServiceReference.MediaGalleryView.shotCode">
            <remarks/>
        </member>
        <member name="P:ChromeServiceReference.MediaGalleryView.backgroundDescription">
            <remarks/>
        </member>
        <member name="T:ChromeServiceReference.Image">
            <remarks/>
        </member>
        <member name="P:ChromeServiceReference.Image.url">
            <remarks/>
        </member>
        <member name="P:ChromeServiceReference.Image.width">
            <remarks/>
        </member>
        <member name="P:ChromeServiceReference.Image.widthSpecified">
            <remarks/>
        </member>
        <member name="P:ChromeServiceReference.Image.height">
            <remarks/>
        </member>
        <member name="P:ChromeServiceReference.Image.heightSpecified">
            <remarks/>
        </member>
        <member name="T:ChromeServiceReference.MediaGalleryColorized">
            <remarks/>
        </member>
        <member name="P:ChromeServiceReference.MediaGalleryColorized.primaryColorOptionCode">
            <remarks/>
        </member>
        <member name="P:ChromeServiceReference.MediaGalleryColorized.secondaryColorOptionCode">
            <remarks/>
        </member>
        <member name="P:ChromeServiceReference.MediaGalleryColorized.match">
            <remarks/>
        </member>
        <member name="P:ChromeServiceReference.MediaGalleryColorized.matchSpecified">
            <remarks/>
        </member>
        <member name="P:ChromeServiceReference.MediaGalleryColorized.shotCode">
            <remarks/>
        </member>
        <member name="P:ChromeServiceReference.MediaGalleryColorized.backgroundDescription">
            <remarks/>
        </member>
        <member name="P:ChromeServiceReference.MediaGalleryColorized.primaryRGBHexCode">
            <remarks/>
        </member>
        <member name="P:ChromeServiceReference.MediaGalleryColorized.secondaryRGBHexCode">
            <remarks/>
        </member>
        <member name="T:ChromeServiceReference.Price">
            <remarks/>
        </member>
        <member name="P:ChromeServiceReference.Price.unknown">
            <remarks/>
        </member>
        <member name="P:ChromeServiceReference.Price.unknownSpecified">
            <remarks/>
        </member>
        <member name="P:ChromeServiceReference.Price.invoice">
            <remarks/>
        </member>
        <member name="P:ChromeServiceReference.Price.invoiceSpecified">
            <remarks/>
        </member>
        <member name="P:ChromeServiceReference.Price.msrp">
            <remarks/>
        </member>
        <member name="P:ChromeServiceReference.Price.msrpSpecified">
            <remarks/>
        </member>
        <member name="P:ChromeServiceReference.Price.destination">
            <remarks/>
        </member>
        <member name="P:ChromeServiceReference.Price.destinationSpecified">
            <remarks/>
        </member>
        <member name="T:ChromeServiceReference.Style">
            <remarks/>
        </member>
        <member name="P:ChromeServiceReference.Style.division">
            <remarks/>
        </member>
        <member name="P:ChromeServiceReference.Style.subdivision">
            <remarks/>
        </member>
        <member name="P:ChromeServiceReference.Style.model">
            <remarks/>
        </member>
        <member name="P:ChromeServiceReference.Style.basePrice">
            <remarks/>
        </member>
        <member name="P:ChromeServiceReference.Style.bodyType">
            <remarks/>
        </member>
        <member name="P:ChromeServiceReference.Style.marketClass">
            <remarks/>
        </member>
        <member name="P:ChromeServiceReference.Style.stockImage">
            <remarks/>
        </member>
        <member name="P:ChromeServiceReference.Style.mediaGallery">
            <remarks/>
        </member>
        <member name="P:ChromeServiceReference.Style.id">
            <remarks/>
        </member>
        <member name="P:ChromeServiceReference.Style.modelYear">
            <remarks/>
        </member>
        <member name="P:ChromeServiceReference.Style.name">
            <remarks/>
        </member>
        <member name="P:ChromeServiceReference.Style.nameWoTrim">
            <remarks/>
        </member>
        <member name="P:ChromeServiceReference.Style.trim">
            <remarks/>
        </member>
        <member name="P:ChromeServiceReference.Style.mfrModelCode">
            <remarks/>
        </member>
        <member name="P:ChromeServiceReference.Style.fleetOnly">
            <remarks/>
        </member>
        <member name="P:ChromeServiceReference.Style.fleetOnlySpecified">
            <remarks/>
        </member>
        <member name="P:ChromeServiceReference.Style.modelFleet">
            <remarks/>
        </member>
        <member name="P:ChromeServiceReference.Style.modelFleetSpecified">
            <remarks/>
        </member>
        <member name="P:ChromeServiceReference.Style.passDoors">
            <remarks/>
        </member>
        <member name="P:ChromeServiceReference.Style.passDoorsSpecified">
            <remarks/>
        </member>
        <member name="P:ChromeServiceReference.Style.altModelName">
            <remarks/>
        </member>
        <member name="P:ChromeServiceReference.Style.altStyleName">
            <remarks/>
        </member>
        <member name="P:ChromeServiceReference.Style.altBodyType">
            <remarks/>
        </member>
        <member name="P:ChromeServiceReference.Style.drivetrain">
            <remarks/>
        </member>
        <member name="P:ChromeServiceReference.Style.drivetrainSpecified">
            <remarks/>
        </member>
        <member name="T:ChromeServiceReference.StyleBodyType">
            <remarks/>
        </member>
        <member name="P:ChromeServiceReference.StyleBodyType.primary">
            <remarks/>
        </member>
        <member name="P:ChromeServiceReference.StyleBodyType.primarySpecified">
            <remarks/>
        </member>
        <member name="T:ChromeServiceReference.StyleStockImage">
            <remarks/>
        </member>
        <member name="P:ChromeServiceReference.StyleStockImage.filename">
            <remarks/>
        </member>
        <member name="T:ChromeServiceReference.DriveTrain">
            <remarks/>
        </member>
        <member name="F:ChromeServiceReference.DriveTrain.FrontWheelDrive">
            <remarks/>
        </member>
        <member name="F:ChromeServiceReference.DriveTrain.RearWheelDrive">
            <remarks/>
        </member>
        <member name="F:ChromeServiceReference.DriveTrain.AllWheelDrive">
            <remarks/>
        </member>
        <member name="F:ChromeServiceReference.DriveTrain.FourWheelDrive">
            <remarks/>
        </member>
        <member name="T:ChromeServiceReference.MatchedNonFactoryEquipment">
            <remarks/>
        </member>
        <member name="P:ChromeServiceReference.MatchedNonFactoryEquipment.equipmentDescription">
            <remarks/>
        </member>
        <member name="P:ChromeServiceReference.MatchedNonFactoryEquipment.category">
            <remarks/>
        </member>
        <member name="P:ChromeServiceReference.MatchedNonFactoryEquipment.installed">
            <remarks/>
        </member>
        <member name="T:ChromeServiceReference.MatchedEquipment">
            <remarks/>
        </member>
        <member name="P:ChromeServiceReference.MatchedEquipment.equipmentDescription">
            <remarks/>
        </member>
        <member name="P:ChromeServiceReference.MatchedEquipment.categoryId">
            <remarks/>
        </member>
        <member name="T:ChromeServiceReference.ResponseStatus">
            <remarks/>
        </member>
        <member name="P:ChromeServiceReference.ResponseStatus.matchedEquipment">
            <remarks/>
        </member>
        <member name="P:ChromeServiceReference.ResponseStatus.matchedNonFactoryEquipment">
            <remarks/>
        </member>
        <member name="P:ChromeServiceReference.ResponseStatus.status">
            <remarks/>
        </member>
        <member name="P:ChromeServiceReference.ResponseStatus.responseCode">
            <remarks/>
        </member>
        <member name="P:ChromeServiceReference.ResponseStatus.description">
            <remarks/>
        </member>
        <member name="T:ChromeServiceReference.ResponseStatusStatus">
            <remarks/>
        </member>
        <member name="P:ChromeServiceReference.ResponseStatusStatus.code">
            <remarks/>
        </member>
        <member name="P:ChromeServiceReference.ResponseStatusStatus.Value">
            <remarks/>
        </member>
        <member name="T:ChromeServiceReference.ResponseStatusStatusCode">
            <remarks/>
        </member>
        <member name="F:ChromeServiceReference.ResponseStatusStatusCode.UnrecognizedTrimName">
            <remarks/>
        </member>
        <member name="F:ChromeServiceReference.ResponseStatusStatusCode.UnusedTrimName">
            <remarks/>
        </member>
        <member name="F:ChromeServiceReference.ResponseStatusStatusCode.UnrecognizedManufacturerModelCode">
            <remarks/>
        </member>
        <member name="F:ChromeServiceReference.ResponseStatusStatusCode.UnusedManufacturerModelCode">
            <remarks/>
        </member>
        <member name="F:ChromeServiceReference.ResponseStatusStatusCode.UnrecognizedStyleId">
            <remarks/>
        </member>
        <member name="F:ChromeServiceReference.ResponseStatusStatusCode.UnusedReducingStyleId">
            <remarks/>
        </member>
        <member name="F:ChromeServiceReference.ResponseStatusStatusCode.UnrecognizedReducingStyleId">
            <remarks/>
        </member>
        <member name="F:ChromeServiceReference.ResponseStatusStatusCode.UnrecognizedWheelBase">
            <remarks/>
        </member>
        <member name="F:ChromeServiceReference.ResponseStatusStatusCode.UnusedWheelBase">
            <remarks/>
        </member>
        <member name="F:ChromeServiceReference.ResponseStatusStatusCode.UnrecognizedOptionCode">
            <remarks/>
        </member>
        <member name="F:ChromeServiceReference.ResponseStatusStatusCode.UnusedOptionCode">
            <remarks/>
        </member>
        <member name="F:ChromeServiceReference.ResponseStatusStatusCode.UnrecognizedEquipmentDescription">
            <remarks/>
        </member>
        <member name="F:ChromeServiceReference.ResponseStatusStatusCode.UnrecognizedNonFactoryEquipmentDescription">
            <remarks/>
        </member>
        <member name="F:ChromeServiceReference.ResponseStatusStatusCode.UnusedNonFactoryEquipmentDescription">
            <remarks/>
        </member>
        <member name="F:ChromeServiceReference.ResponseStatusStatusCode.UsingAlternateLocale">
            <remarks/>
        </member>
        <member name="F:ChromeServiceReference.ResponseStatusStatusCode.NameMatchNotFound">
            <remarks/>
        </member>
        <member name="F:ChromeServiceReference.ResponseStatusStatusCode.VinNotCarriedByChrome">
            <remarks/>
        </member>
        <member name="F:ChromeServiceReference.ResponseStatusStatusCode.InvalidVinCheckDigit">
            <remarks/>
        </member>
        <member name="F:ChromeServiceReference.ResponseStatusStatusCode.InvalidVinCharacter">
            <remarks/>
        </member>
        <member name="F:ChromeServiceReference.ResponseStatusStatusCode.InvalidVinLength">
            <remarks/>
        </member>
        <member name="F:ChromeServiceReference.ResponseStatusStatusCode.UnrecognizedInteriorColor">
            <remarks/>
        </member>
        <member name="F:ChromeServiceReference.ResponseStatusStatusCode.UnrecognizedExteriorColor">
            <remarks/>
        </member>
        <member name="F:ChromeServiceReference.ResponseStatusStatusCode.UnrecognizedTechnicalSpecificationTitleId">
            <remarks/>
        </member>
        <member name="F:ChromeServiceReference.ResponseStatusStatusCode.Unexpected">
            <remarks/>
        </member>
        <member name="T:ChromeServiceReference.ResponseStatusResponseCode">
            <remarks/>
        </member>
        <member name="F:ChromeServiceReference.ResponseStatusResponseCode.Successful">
            <remarks/>
        </member>
        <member name="F:ChromeServiceReference.ResponseStatusResponseCode.Unsuccessful">
            <remarks/>
        </member>
        <member name="F:ChromeServiceReference.ResponseStatusResponseCode.ConditionallySuccessful">
            <remarks/>
        </member>
        <member name="T:ChromeServiceReference.BaseResponse">
            <remarks/>
        </member>
        <member name="P:ChromeServiceReference.BaseResponse.responseStatus">
            <remarks/>
        </member>
        <member name="T:ChromeServiceReference.VersionInfo">
            <remarks/>
        </member>
        <member name="P:ChromeServiceReference.VersionInfo.data">
            <remarks/>
        </member>
        <member name="T:ChromeServiceReference.VersionInfoData">
            <remarks/>
        </member>
        <member name="P:ChromeServiceReference.VersionInfoData.country">
            <remarks/>
        </member>
        <member name="P:ChromeServiceReference.VersionInfoData.build">
            <remarks/>
        </member>
        <member name="P:ChromeServiceReference.VersionInfoData.date">
            <remarks/>
        </member>
        <member name="P:ChromeServiceReference.VersionInfoData.licensed">
            <remarks/>
        </member>
        <member name="P:ChromeServiceReference.VersionInfoData.licensedSpecified">
            <remarks/>
        </member>
        <member name="T:ChromeServiceReference.ModelYears">
            <remarks/>
        </member>
        <member name="P:ChromeServiceReference.ModelYears.modelYear">
            <remarks/>
        </member>
        <member name="T:ChromeServiceReference.DivisionsRequest">
            <remarks/>
        </member>
        <member name="P:ChromeServiceReference.DivisionsRequest.modelYear">
            <remarks/>
        </member>
        <member name="T:ChromeServiceReference.Divisions">
            <remarks/>
        </member>
        <member name="P:ChromeServiceReference.Divisions.division">
            <remarks/>
        </member>
        <member name="T:ChromeServiceReference.SubdivisionsRequest">
            <remarks/>
        </member>
        <member name="P:ChromeServiceReference.SubdivisionsRequest.modelYear">
            <remarks/>
        </member>
        <member name="T:ChromeServiceReference.Subdivisions">
            <remarks/>
        </member>
        <member name="P:ChromeServiceReference.Subdivisions.subdivision">
            <remarks/>
        </member>
        <member name="T:ChromeServiceReference.ModelsRequest">
            <remarks/>
        </member>
        <member name="P:ChromeServiceReference.ModelsRequest.modelYear">
            <remarks/>
        </member>
        <member name="P:ChromeServiceReference.ModelsRequest.Item">
            <remarks/>
        </member>
        <member name="P:ChromeServiceReference.ModelsRequest.ItemElementName">
            <remarks/>
        </member>
        <member name="T:ChromeServiceReference.ItemChoiceType">
            <remarks/>
        </member>
        <member name="F:ChromeServiceReference.ItemChoiceType.divisionId">
            <remarks/>
        </member>
        <member name="F:ChromeServiceReference.ItemChoiceType.subdivisionId">
            <remarks/>
        </member>
        <member name="T:ChromeServiceReference.Models">
            <remarks/>
        </member>
        <member name="P:ChromeServiceReference.Models.model">
            <remarks/>
        </member>
        <member name="T:ChromeServiceReference.StylesRequest">
            <remarks/>
        </member>
        <member name="P:ChromeServiceReference.StylesRequest.modelId">
            <remarks/>
        </member>
        <member name="T:ChromeServiceReference.Styles">
            <remarks/>
        </member>
        <member name="P:ChromeServiceReference.Styles.style">
            <remarks/>
        </member>
        <member name="T:ChromeServiceReference.VehicleDescriptionRequest">
            <remarks/>
        </member>
        <member name="P:ChromeServiceReference.VehicleDescriptionRequest.Items">
            <remarks/>
        </member>
        <member name="P:ChromeServiceReference.VehicleDescriptionRequest.ItemsElementName">
            <remarks/>
        </member>
        <member name="P:ChromeServiceReference.VehicleDescriptionRequest.trimName">
            <remarks/>
        </member>
        <member name="P:ChromeServiceReference.VehicleDescriptionRequest.manufacturerModelCode">
            <remarks/>
        </member>
        <member name="P:ChromeServiceReference.VehicleDescriptionRequest.wheelBase">
            <remarks/>
        </member>
        <member name="P:ChromeServiceReference.VehicleDescriptionRequest.wheelBaseSpecified">
            <remarks/>
        </member>
        <member name="P:ChromeServiceReference.VehicleDescriptionRequest.OEMOptionCode">
            <remarks/>
        </member>
        <member name="P:ChromeServiceReference.VehicleDescriptionRequest.equipmentDescription">
            <remarks/>
        </member>
        <member name="P:ChromeServiceReference.VehicleDescriptionRequest.exteriorColorName">
            <remarks/>
        </member>
        <member name="P:ChromeServiceReference.VehicleDescriptionRequest.interiorColorName">
            <remarks/>
        </member>
        <member name="P:ChromeServiceReference.VehicleDescriptionRequest.nonFactoryEquipmentDescription">
            <remarks/>
        </member>
        <member name="P:ChromeServiceReference.VehicleDescriptionRequest.switch">
            <remarks/>
        </member>
        <member name="P:ChromeServiceReference.VehicleDescriptionRequest.vehicleProcessMode">
            <remarks/>
        </member>
        <member name="P:ChromeServiceReference.VehicleDescriptionRequest.vehicleProcessModeSpecified">
            <remarks/>
        </member>
        <member name="P:ChromeServiceReference.VehicleDescriptionRequest.optionsProcessMode">
            <remarks/>
        </member>
        <member name="P:ChromeServiceReference.VehicleDescriptionRequest.optionsProcessModeSpecified">
            <remarks/>
        </member>
        <member name="P:ChromeServiceReference.VehicleDescriptionRequest.includeMediaGallery">
            <remarks/>
        </member>
        <member name="P:ChromeServiceReference.VehicleDescriptionRequest.includeMediaGallerySpecified">
            <remarks/>
        </member>
        <member name="P:ChromeServiceReference.VehicleDescriptionRequest.includeTechnicalSpecificationTitleId">
            <remarks/>
        </member>
        <member name="T:ChromeServiceReference.ItemsChoiceType">
            <remarks/>
        </member>
        <member name="F:ChromeServiceReference.ItemsChoiceType.makeName">
            <remarks/>
        </member>
        <member name="F:ChromeServiceReference.ItemsChoiceType.modelName">
            <remarks/>
        </member>
        <member name="F:ChromeServiceReference.ItemsChoiceType.modelYear">
            <remarks/>
        </member>
        <member name="F:ChromeServiceReference.ItemsChoiceType.reducingStyleId">
            <remarks/>
        </member>
        <member name="F:ChromeServiceReference.ItemsChoiceType.styleId">
            <remarks/>
        </member>
        <member name="F:ChromeServiceReference.ItemsChoiceType.vin">
            <remarks/>
        </member>
        <member name="T:ChromeServiceReference.Switch">
            <remarks/>
        </member>
        <member name="F:ChromeServiceReference.Switch.DisableSafeStandards">
            <remarks/>
        </member>
        <member name="F:ChromeServiceReference.Switch.ShowExtendedDescriptions">
            <remarks/>
        </member>
        <member name="F:ChromeServiceReference.Switch.ShowAvailableEquipment">
            <remarks/>
        </member>
        <member name="F:ChromeServiceReference.Switch.ShowConsumerInformation">
            <remarks/>
        </member>
        <member name="F:ChromeServiceReference.Switch.ShowExtendedTechnicalSpecifications">
            <remarks/>
        </member>
        <member name="F:ChromeServiceReference.Switch.IncludeRegionalVehicles">
            <remarks/>
        </member>
        <member name="F:ChromeServiceReference.Switch.UseDependencyOrderingLogic">
            <remarks/>
        </member>
        <member name="F:ChromeServiceReference.Switch.IncludeDefinitions">
            <remarks/>
        </member>
        <member name="T:ChromeServiceReference.SwitchAvailability">
            <remarks/>
        </member>
        <member name="F:ChromeServiceReference.SwitchAvailability.ExcludeFleetOnly">
            <remarks/>
        </member>
        <member name="F:ChromeServiceReference.SwitchAvailability.ExcludeRetailOnly">
            <remarks/>
        </member>
        <member name="T:ChromeServiceReference.SwitchChromeMediaGallery">
            <remarks/>
        </member>
        <member name="F:ChromeServiceReference.SwitchChromeMediaGallery.MultiView">
            <remarks/>
        </member>
        <member name="F:ChromeServiceReference.SwitchChromeMediaGallery.ColorMatch">
            <remarks/>
        </member>
        <member name="F:ChromeServiceReference.SwitchChromeMediaGallery.Both">
            <remarks/>
        </member>
        <member name="T:ChromeServiceReference.VehicleDescription">
            <remarks/>
        </member>
        <member name="P:ChromeServiceReference.VehicleDescription.vinDescription">
            <remarks/>
        </member>
        <member name="P:ChromeServiceReference.VehicleDescription.style">
            <remarks/>
        </member>
        <member name="P:ChromeServiceReference.VehicleDescription.engine">
            <remarks/>
        </member>
        <member name="P:ChromeServiceReference.VehicleDescription.standard">
            <remarks/>
        </member>
        <member name="P:ChromeServiceReference.VehicleDescription.factoryOption">
            <remarks/>
        </member>
        <member name="P:ChromeServiceReference.VehicleDescription.genericEquipment">
            <remarks/>
        </member>
        <member name="P:ChromeServiceReference.VehicleDescription.consumerInformation">
            <remarks/>
        </member>
        <member name="P:ChromeServiceReference.VehicleDescription.technicalSpecification">
            <remarks/>
        </member>
        <member name="P:ChromeServiceReference.VehicleDescription.exteriorColor">
            <remarks/>
        </member>
        <member name="P:ChromeServiceReference.VehicleDescription.interiorColor">
            <remarks/>
        </member>
        <member name="P:ChromeServiceReference.VehicleDescription.genericColor">
            <remarks/>
        </member>
        <member name="P:ChromeServiceReference.VehicleDescription.basePrice">
            <remarks/>
        </member>
        <member name="P:ChromeServiceReference.VehicleDescription.country">
            <remarks/>
        </member>
        <member name="P:ChromeServiceReference.VehicleDescription.language">
            <remarks/>
        </member>
        <member name="P:ChromeServiceReference.VehicleDescription.modelYear">
            <remarks/>
        </member>
        <member name="P:ChromeServiceReference.VehicleDescription.modelYearSpecified">
            <remarks/>
        </member>
        <member name="P:ChromeServiceReference.VehicleDescription.bestMakeName">
            <remarks/>
        </member>
        <member name="P:ChromeServiceReference.VehicleDescription.bestModelName">
            <remarks/>
        </member>
        <member name="P:ChromeServiceReference.VehicleDescription.bestStyleName">
            <remarks/>
        </member>
        <member name="P:ChromeServiceReference.VehicleDescription.bestTrimName">
            <remarks/>
        </member>
        <member name="T:ChromeServiceReference.VehicleDescriptionVinDescription">
            <remarks/>
        </member>
        <member name="P:ChromeServiceReference.VehicleDescriptionVinDescription.gvwr">
            <remarks/>
        </member>
        <member name="P:ChromeServiceReference.VehicleDescriptionVinDescription.WorldManufacturerIdentifier">
            <remarks/>
        </member>
        <member name="P:ChromeServiceReference.VehicleDescriptionVinDescription.ManufacturerIdentificationCode">
            <remarks/>
        </member>
        <member name="P:ChromeServiceReference.VehicleDescriptionVinDescription.restraintTypes">
            <remarks/>
        </member>
        <member name="P:ChromeServiceReference.VehicleDescriptionVinDescription.marketClass">
            <remarks/>
        </member>
        <member name="P:ChromeServiceReference.VehicleDescriptionVinDescription.vin">
            <remarks/>
        </member>
        <member name="P:ChromeServiceReference.VehicleDescriptionVinDescription.modelYear">
            <remarks/>
        </member>
        <member name="P:ChromeServiceReference.VehicleDescriptionVinDescription.division">
            <remarks/>
        </member>
        <member name="P:ChromeServiceReference.VehicleDescriptionVinDescription.modelName">
            <remarks/>
        </member>
        <member name="P:ChromeServiceReference.VehicleDescriptionVinDescription.styleName">
            <remarks/>
        </member>
        <member name="P:ChromeServiceReference.VehicleDescriptionVinDescription.bodyType">
            <remarks/>
        </member>
        <member name="P:ChromeServiceReference.VehicleDescriptionVinDescription.drivingWheels">
            <remarks/>
        </member>
        <member name="P:ChromeServiceReference.VehicleDescriptionVinDescription.built">
            <remarks/>
        </member>
        <member name="P:ChromeServiceReference.VehicleDescriptionVinDescription.builtSpecified">
            <remarks/>
        </member>
        <member name="T:ChromeServiceReference.CategoryDefinitions">
            <remarks/>
        </member>
        <member name="P:ChromeServiceReference.CategoryDefinitions.category">
            <remarks/>
        </member>
        <member name="T:ChromeServiceReference.TechnicalSpecificationDefinitions">
            <remarks/>
        </member>
        <member name="P:ChromeServiceReference.TechnicalSpecificationDefinitions.definition">
            <remarks/>
        </member>
    </members>
</doc>
