<?xml version="1.0"?>
<doc>
    <assembly>
        <name>Sonic.KBB.Api</name>
    </assembly>
    <members>
        <member name="M:Sonic.KBB.Api.Controllers.KBBController.#ctor(Microsoft.Extensions.Configuration.IConfiguration,Sonic.KBB.Api.IKBBService)">
            <summary>
            Constructor to initiate configuration and rest client
            </summary>
            <param name="configuration"></param>
        </member>
        <member name="M:Sonic.KBB.Api.Controllers.KBBController.GetYearsList(System.String)">
            <summary>
            Get years list
            </summary>
            <param name="RequestSource">Source of the request, where it is getting called from. Ex: SIMS, OnlineWidget, CDK, Mobile etc..</param>
            <remarks>Get the years</remarks>
            <response code="200">Returns the years</response> 
            <response code="500">Internal server error</response>   
            <response code="400">Bad request</response>   
        </member>
        <member name="M:Sonic.KBB.Api.Controllers.KBBController.GetMakeIDByYearID(Sonic.KBB.Api.MakeRequest)">
            <summary>
            Get the list of Makes for the provided YearId 
            </summary>         
            <remarks>Get list of Makes for the provided YearID, RequestSource is to categorize the request payload from different source and log the same if necessary.
            <br />     
            <br /> 
            RequestSource = Empty or YearId less than or equal to 0  --- Bad Request 
            <br /> 
            RequestSource != Empty and YearId greater than 0  --- Successful Result
            </remarks>
            <response code="200">Success: Returns list of Makes for the provided YearId successfully from service.</response>               
            <response code="400">Bad Request or validation errors: Please check on the request parameter and their values.</response>        
            <response code="500">InternalServerError: A deep, internal error has occurred during the processing of your request. Please contact support..</response>     
        </member>
        <member name="M:Sonic.KBB.Api.Controllers.KBBController.GetModelIDByMake_YearID(Sonic.KBB.Api.ModelRequest)">
            <summary>
            Get Model list by passing Make ID and Year ID
            </summary>
            <remarks>Get the list of Models</remarks>
            <response code="200">Success: Returns list of Model for the provided Make ID and Year ID successfully from service.</response>               
            <response code="400">Bad Request or validation errors: Please check on the request parameter and their values.</response>        
            <response code="500">InternalServerError: A deep, internal error has occurred during the processing of your request. Please contact support..</response>         
        </member>
        <member name="M:Sonic.KBB.Api.Controllers.KBBController.GetModelYearID_ByMake_Model_YearID(Sonic.KBB.Api.ModelYearRequest)">
            <summary>
            Get ModelYearID by passing Make ID, Model ID and Year ID
            </summary>
            <remarks>Get ModelYearID by passing Make ID, Model ID and Year ID</remarks>
            <response code="200">Success: Returns ModelYearID for the provided Make ID, Model ID and Year ID successfully from service.</response>               
            <response code="400">Bad Request or validation errors: Please check on the request parameter and their values.</response>        
            <response code="500">InternalServerError: A deep, internal error has occurred during the processing of your request. Please contact support..</response>         
        </member>
        <member name="M:Sonic.KBB.Api.Controllers.KBBController.GetTrim_By_Year_Make_Model_ModelYearID(Sonic.KBB.Api.TrimRequest)">
            <summary>
            Get list of TrimId by passing Make ID, Model ID, Year ID and ModelYearID
            </summary>
            <remarks>Get list of TrimId by passing Make ID, Model ID, Year ID and ModelYearID</remarks>
            <response code="200">Success: Returns list of TrimId for the provided  Make ID, Model ID, Year ID and ModelYearID successfully from service.</response>               
            <response code="400">Bad Request or validation errors: Please check on the request parameter and their values.</response>        
            <response code="500">InternalServerError: A deep, internal error has occurred during the processing of your request. Please contact support..</response>         
        </member>
        <member name="M:Sonic.KBB.Api.Controllers.KBBController.DecodeVIN(Sonic.KBB.Api.DecodeVINRequest)">
            <summary>
            Decode VIN
            </summary>
            <remarks>Decode the VIN Details</remarks>
            <response code="200">Success: Returns list of decoded details for the provided VIN successfully from service.</response>               
            <response code="400">Bad Request or validation errors: Please check on the request parameter and their values.</response>        
            <response code="500">InternalServerError: A deep, internal error has occurred during the processing of your request. Please contact support..</response>         
        </member>
        <member name="M:Sonic.KBB.Api.Controllers.KBBController.GetEquipmentOptionsByVehicleId(Sonic.KBB.Api.VehOptionRequest)">
            <summary>
            Get Vehicle options which includes Engine, DriveTrain, Transmission and Options based on different CategoryName and OptionType
            </summary>
            <remarks>Get Vehicle options which includes Engine, DriveTrain, Transmission and Options based on different CategoryName and OptionType Ex:
            <br />
            <br />
            For Engine -- "optionType": "Equipment" and "CategoryName": "Engine"
            <br />
            <br />
            For Transmission -- "optionType": "Equipment" and "CategoryName": "Transmission"
            <br />
            For DriveTrain -- "optionType": "Equipment" and "CategoryName": "Drivetrain"
            <br />
            <br />
            For Factory Options -- "optionType": "Option"
            <br />
            </remarks>
            <response code="200">Success: Returns list of vehicle Options for the provided VehicleId successfully from service.</response>               
            <response code="400">Bad Request or validation errors: Please check on the request parameter and their values.</response>        
            <response code="500">InternalServerError: A deep, internal error has occurred during the processing of your request. Please contact support..</response>         
        </member>
        <member name="M:Sonic.KBB.Api.Controllers.KBBController.Applyconfiguration(Sonic.KBB.Api.ApplyConfigRequet)">
            <summary>
            Post Vehicle options into configuration to get final configuration options
            </summary>
            <remarks>Post Vehicle options into configuration to get final configuration options
            <br />
            If endpoint is getting called for the first time then vehicleOptionIds will be sent as [] i.e  vehicleOptionIds: [] for the provided VehicleId
            <br />
            For the subsequent endpoint calls Response of the first time endpoint call will be sent as startingconfiguration with parameter name called VehicleOptionIds.
            </remarks>
            <response code="200">Success: Returns list of VehicleOptionIds for the provided VehicleId successfully from service.</response>               
            <response code="400">Bad Request or validation errors: Please check on the request parameter and their values.</response>        
            <response code="500">InternalServerError: A deep, internal error has occurred during the processing of your request. Please contact support..</response>         
        </member>
        <member name="M:Sonic.KBB.Api.Controllers.KBBController.BookValues(Sonic.KBB.Api.BookValuesRequest)">
            <summary>
            Post the book values along with configuration
            </summary>
            <remarks>Post the book values along with configuration to get price values for differnt price types
            <br />
            <br />
             vehicleOptionIds : Response of applyconfiguration enpoint for the provided VehicleId.
            </remarks>
            <response code="200">Success: Returns list of price values for the provided configuration successfully from service.</response>               
            <response code="400">Bad Request or validation errors: Please check on the request parameter and their values.</response>        
            <response code="500">InternalServerError: A deep, internal error has occurred during the processing of your request. Please contact support..</response>         
        </member>
        <member name="P:Sonic.KBB.Api.MakeRequest.RequestSource">
            <summary>
            Source of the request, where it is getting called from. Ex: SIMS, OnlineWidget, CDK, Mobile etc..
            </summary>
        </member>
        <member name="P:Sonic.KBB.Api.MakeRequest.YearId">
            <summary>
            Provide a Year to retrieve list of Makes. Ex: 2020 or 2021
            </summary>
        </member>
        <member name="P:Sonic.KBB.Api.ModelRequest.RequestSource">
            <summary>
            Source of the request, where it is getting called from. Ex: SIMS, OnlineWidget, CDK, Mobile etc..
            </summary>
        </member>
        <member name="P:Sonic.KBB.Api.ModelRequest.YearId">
            <summary>
            Provide a Year to retrieve list of Makes. Ex: 2020 or 2021
            </summary>
        </member>
        <member name="P:Sonic.KBB.Api.ModelRequest.MakeId">
            <summary>
            MakeId for the selected YearId
            </summary>
        </member>
        <member name="P:Sonic.KBB.Api.ModelYearRequest.RequestSource">
            <summary>
            Source of the request, where it is getting called from. Ex: SIMS, OnlineWidget, CDK, Mobile etc..
            </summary>
        </member>
        <member name="P:Sonic.KBB.Api.ModelYearRequest.YearId">
            <summary>
            Provide a Year to retrieve list of Makes. Ex: 2020 or 2021
            </summary>
        </member>
        <member name="P:Sonic.KBB.Api.ModelYearRequest.MakeId">
            <summary>
            MakeId for the selected YearId
            </summary>
        </member>
        <member name="P:Sonic.KBB.Api.ModelYearRequest.ModelId">
            <summary>
            Model ID for the selected YearId and MakeId
            </summary>
        </member>
        <member name="T:Sonic.KBB.Api.Year">
            <summary>
            Year
            </summary>
        </member>
        <member name="P:Sonic.KBB.Api.Year.ID">
            <summary>
            The Id of the year
            </summary>
            <example>2020</example>
        </member>
        <member name="P:Sonic.KBB.Api.Year.Value">
            <summary>
            The Value of the year
            </summary>
            <example>2020</example>
        </member>
        <member name="T:Sonic.KBB.Api.Helpers.ValidateModelStateAttribute">
            <summary>
            Model state validation attribute
            </summary>
        </member>
        <member name="M:Sonic.KBB.Api.Helpers.ValidateModelStateAttribute.OnActionExecuting(Microsoft.AspNetCore.Mvc.Filters.ActionExecutingContext)">
            <summary>
            Called before the action method is invoked
            </summary>
            <param name="context"></param>
        </member>
        <member name="P:Sonic.KBB.Api.BaseRequest.RequestSource">
            <summary>
            Source of the request, where it is getting called from. Ex: SIMS, OnlineWidget, CDK, Mobile etc..
            </summary>
        </member>
        <member name="P:Sonic.KBB.Api.DecodeVINRequest.RequestSource">
            <summary>
            Source of the request, where it is getting called from. Ex: SIMS, OnlineWidget, CDK, Mobile etc..
            </summary>
        </member>
        <member name="P:Sonic.KBB.Api.DecodeVINRequest.VIN">
            <summary>
            VIN to be decoded
            </summary>
        </member>
        <member name="P:Sonic.KBB.Api.ResponseData.Data">
            <summary>
            Contains data
            </summary>
        </member>
        <member name="P:Sonic.KBB.Api.ResponseData.Message">
            <summary>
            Contains Message
            </summary>
        </member>
        <member name="P:Sonic.KBB.Api.ResponseData.StatusCode">
            <summary>
            Contains Status Code
            </summary>
        </member>
        <member name="P:Sonic.KBB.Api.TrimRequest.RequestSource">
            <summary>
            Source of the request, where it is getting called from. Ex: SIMS, OnlineWidget, CDK, Mobile etc..
            </summary>
        </member>
        <member name="P:Sonic.KBB.Api.TrimRequest.YearId">
            <summary>
            Provide a Year to retrieve list of Makes. Ex: 2020 or 2021
            </summary>
        </member>
        <member name="P:Sonic.KBB.Api.TrimRequest.MakeId">
            <summary>
            MakeId for the selected YearId
            </summary>
        </member>
        <member name="P:Sonic.KBB.Api.TrimRequest.ModelId">
            <summary>
            Model ID for the selected YearId and MakeId
            </summary>
        </member>
        <member name="P:Sonic.KBB.Api.TrimRequest.ModelYearID">
            <summary>
            Model Year ID for the selected YearId, MakeId and ModelId
            </summary>
        </member>
        <member name="P:Sonic.KBB.Api.VehOptionRequest.RequestSource">
            <summary>
            Source of the request, where it is getting called from. Ex: SIMS, OnlineWidget, CDK, Mobile etc..
            </summary>
        </member>
        <member name="P:Sonic.KBB.Api.VehOptionRequest.VehicleId">
            <summary>
            Trim Id will be passed as Vehicle Id
            </summary>
        </member>
        <member name="P:Sonic.KBB.Api.VehOptionRequest.AppCategory">
            <summary>
            Application category ex: 0 - Consumer, 1 - Dealer
            </summary>
        </member>
        <member name="T:Sonic.KBB.Api.Security.BasicAuthenticationHandler">
            <summary>
            class to handle basic authentication.
            </summary>
        </member>
        <member name="F:Sonic.KBB.Api.Security.BasicAuthenticationHandler.SchemeName">
            <summary>
            scheme name for authentication handler.
            </summary>
        </member>
        <member name="M:Sonic.KBB.Api.Security.BasicAuthenticationHandler.HandleAuthenticateAsync">
            <summary>
            verify that require authorization header exists and handle decode data.
            </summary>
        </member>
    </members>
</doc>
