<?xml version="1.0"?>
<doc>
    <assembly>
        <name>Sonic.Manheim.Api</name>
    </assembly>
    <members>
        <member name="T:Sonic.Manheim.Api.Controllers.ManheimController">
            <summary>
            Get Manheim related data.
            </summary>
        </member>
        <member name="M:Sonic.Manheim.Api.Controllers.ManheimController.GetTransactionData(System.String,System.String,System.String)">
            <summary>
            Get manheim transaction data based on manheim id and region.
            </summary>
            <param name="manheimId">Manheim Id Ex: 201301766060786</param>
            <param name="region">Region Ex: RE</param>        
            <param name="source">source Ex: Internal</param> 
            <response code="200">Returns Transaction Data</response>                
            <response code="400">Bad Request</response>        
            <response code="401">Unauthorized</response> 
            <response code="500">Internal Server Error</response>         
        </member>
        <member name="M:Sonic.Manheim.Api.Controllers.ManheimController.GetFullTransactionData(System.String,System.String,System.String)">
            <summary>
            Get full manheim transaction data based on manheim id and region.
            </summary>
            <param name="manheimId">Manheim Id Ex: 201301766060786</param>
            <param name="region">Region Ex: RE</param> 
            <param name="source">source Ex: Internal</param> 
            <response code="200">Returns Transaction Data</response>                
            <response code="400">Bad Request</response>        
            <response code="401">Unauthorized</response> 
            <response code="500">Internal Server Error</response>  
        </member>
        <member name="M:Sonic.Manheim.Api.Controllers.ManheimController.GetLocationDetails(System.String,System.String)">
            <summary>
            Get location details based on the location id.
            </summary>
            <param name="locationId">Location Id Ex: OAA</param>   
            <param name="source">source Ex: Internal</param> 
            <response code="200">Returns Location details</response>                
            <response code="400">Bad Request</response>        
            <response code="401">Unauthorized</response> 
            <response code="500">Internal Server Error</response>  
        </member>
        <member name="M:Sonic.Manheim.Api.Controllers.ManheimController.GetMakes(System.String,System.String)">
            <summary>
            Get Makes based on the year.
            </summary>
            <param name="year">year Ex: 2015</param>       
            <param name="source">source Ex: Internal</param>  
            <response code="200">Returns Makes</response>                
            <response code="400">Bad Request</response>        
            <response code="401">Unauthorized</response> 
            <response code="500">Internal Server Error</response>  
        </member>
        <member name="M:Sonic.Manheim.Api.Controllers.ManheimController.GetModels(System.String,System.String,System.String)">
            <summary>
            Get Models based on year and make.
            </summary>
            <param name="year">year Ex: 2015</param>  
            <param name="make">make Ex: ACURA</param>  
            <param name="source">source Ex: Internal</param>  
            <response code="200">Returns Models</response>                
            <response code="400">Bad Request</response>        
            <response code="401">Unauthorized</response> 
            <response code="500">Internal Server Error</response>  
        </member>
        <member name="M:Sonic.Manheim.Api.Controllers.ManheimController.GetTrims(System.String,System.String,System.String,System.String)">
            <summary>
            Get Trims based on year, make and Model.
            </summary>
            <param name="year">year Ex: 2015</param>  
            <param name="make">make Ex: ACURA</param>  
            <param name="model">model Ex: ILX</param>  
            <param name="source">source Ex: Internal</param>  
            <response code="200">Returns Trims</response>                
            <response code="400">Bad Request</response>        
            <response code="401">Unauthorized</response> 
            <response code="500">Internal Server Error</response>  
        </member>
        <member name="M:Sonic.Manheim.Api.Controllers.ManheimController.GetDecodedVin(System.String,System.String,System.Int32,System.String)">
            <summary>
            Get Decoded Vin based on vin, region and mileage.
            </summary>
            <param name="vin">vin Ex: 2G2WS542841256074</param>  
            <param name="region">region Ex: RE</param>  
            <param name="mileage">mileage Ex: 255000</param>  
            <param name="source">source Ex: Internal</param>  
            <response code="200">Returns Decoded Vin details</response>                
            <response code="204">Decode Failure</response>                
            <response code="400">Bad Request</response>        
            <response code="401">Unauthorized</response> 
            <response code="500">Internal Server Error</response>  
        </member>
        <member name="M:Sonic.Manheim.Api.Controllers.ManheimController.GetBookValue(System.String,System.String,System.Int32,System.String,System.String)">
            <summary>
            Get book value based on vin, manheimId, region, mileage, color and source.
            </summary>
            <param name="vin">vin Ex: 2G2WS542841256074</param>        
            <param name="region">region Ex: RE</param>
            <param name="mileage">mileage Ex: 255000</param>
            <param name="color">Color Ex: Red</param>
            <param name="source">source Ex: Internal</param>
            <response code="200">Returns Book value details</response>                
            <response code="400">Bad Request</response>        
            <response code="401">Unauthorized</response> 
            <response code="500">Internal Server Error</response>  
        </member>
        <member name="M:Sonic.Manheim.Api.Controllers.ManheimController.GetBookValue(System.String,System.String,System.String,System.Int32,System.String,System.String,System.String)">
            <summary>
            Get book value based on year, make, model, mileage, region, color and source.
            </summary>
            <param name="year">year Ex: 2015</param>  
            <param name="make">make Ex: ACURA</param>  
            <param name="model">model Ex: ILX</param> 
            <param name="mileage">mileage Ex: 255000</param>
            <param name="region">region Ex: RE</param>
            <param name="color">Color Ex: Red</param>
            <param name="source">source Ex: Internal</param>
            <response code="200">Returns Book value details</response>                
            <response code="400">Bad Request</response>        
            <response code="401">Unauthorized</response> 
            <response code="500">Internal Server Error</response> 
        </member>
        <member name="T:Sonic.Manheim.Api.Entities.MakeModelTrim.Make">
            <summary>
            A Make model
            </summary>
        </member>
        <member name="T:Sonic.Manheim.Api.Entities.MakeModelTrim.Model">
            <summary>
            Model
            </summary>
        </member>
        <member name="T:Sonic.Manheim.Api.Helpers.ValidateModelStateAttribute">
            <summary>
            Model state validation attribute
            </summary>
        </member>
        <member name="M:Sonic.Manheim.Api.Helpers.ValidateModelStateAttribute.OnActionExecuting(Microsoft.AspNetCore.Mvc.Filters.ActionExecutingContext)">
            <summary>
            Called before the action method is invoked
            </summary>
            <param name="context"></param>
        </member>
        <member name="T:Sonic.Manheim.Api.Security.BasicAuthenticationHandler">
            <summary>
            class to handle basic authentication.
            </summary>
        </member>
        <member name="F:Sonic.Manheim.Api.Security.BasicAuthenticationHandler.SchemeName">
            <summary>
            scheme name for authentication handler.
            </summary>
        </member>
        <member name="M:Sonic.Manheim.Api.Security.BasicAuthenticationHandler.HandleAuthenticateAsync">
            <summary>
            verify that require authorization header exists and handle decode data.
            </summary>
        </member>
        <member name="T:Sonic.Manheim.Api.Services.ManheimService">
            <summary>
            Manheim Service
            </summary>
        </member>
    </members>
</doc>
