﻿{
  "ProviderId": "Microsoft.VisualStudio.ConnectedService.Wcf",
  "Version": "15.0.40203.910",
  "GettingStartedDocument": {
    "Uri": "https://go.microsoft.com/fwlink/?linkid=858517"
  },
  "ExtendedData": {
    "inputs": [
      "https://sonictest.vehicle.connectcdk.com/SIMS/ADPVehicleInventorySvc/ADPVehicleInventorySvc.asmx"
    ],
    "collectionTypes": [
      "System.Array",
      "System.Collections.Generic.Dictionary`2"
    ],
    "namespaceMappings": [
      "*, InventoryServiceReference"
    ],
    "references": [
      "FluentValidation, {FluentValidation, 9.5.4}",
      "FluentValidation.AspNetCore, {FluentValidation.AspNetCore, 9.5.4}",
      "FluentValidation.DependencyInjectionExtensions, {FluentValidation.DependencyInjectionExtensions, 9.5.4}",
      "MicroElements.Swashbuckle.FluentValidation, {MicroElements.Swashbuckle.FluentValidation, 4.3.0}",
      "Microsoft.AspNetCore.Mvc.Versioning, {Microsoft.AspNetCore.Mvc.Versioning, 5.0.0}",
      "Microsoft.AspNetCore.Mvc.Versioning.ApiExplorer, {Microsoft.AspNetCore.Mvc.Versioning.ApiExplorer, 5.0.0}",
      "Microsoft.Extensions.DependencyInjection.Abstractions, {Microsoft.Extensions.DependencyInjection.Abstractions, 2.1.0}",
      "Microsoft.OpenApi, {Microsoft.OpenApi, 1.2.3}",
      "Newtonsoft.Json, {Newtonsoft.Json, 13.0.1}",
      "Swashbuckle.AspNetCore.Swagger, {Swashbuckle.AspNetCore.Swagger, 6.1.1}",
      "Swashbuckle.AspNetCore.SwaggerGen, {Swashbuckle.AspNetCore.SwaggerGen, 6.1.1}",
      "Swashbuckle.AspNetCore.SwaggerUI, {Swashbuckle.AspNetCore.SwaggerUI, 6.1.1}",
      "System.ServiceModel, {System.ServiceModel.Primitives, 4.4.4}",
      "System.ServiceModel.Duplex, {System.ServiceModel.Duplex, 4.4.4}",
      "System.ServiceModel.Http, {System.ServiceModel.Http, 4.4.4}",
      "System.ServiceModel.NetTcp, {System.ServiceModel.NetTcp, 4.4.4}",
      "System.ServiceModel.Primitives, {System.ServiceModel.Primitives, 4.4.4}",
      "System.ServiceModel.Security, {System.ServiceModel.Security, 4.4.4}"
    ],
    "targetFramework": "netcoreapp3.1",
    "typeReuseMode": "All"
  }
}