<?xml version="1.0"?>
<doc>
    <assembly>
        <name>Sonic.CarFax.Api</name>
    </assembly>
    <members>
        <member name="M:Sonic.CarFax.Api.Controllers.PurChaseCarFax.GetCarFaxReport(System.String,System.String,System.String,System.String)">
             <summary>
            This end point is used to get Purchase CarFax Report, For every hit to this service is Chargeable..
             </summary>
             <remarks>This end point is used to  get Purchase CarFax Report, For every hit to this service is Chargeable.</remarks>
             <param name="UserID">This UserID is provided by CarFax Vendor</param>
             <param name="Password">This Password is  provided by CarFax Vendor</param>
              <param name="VIN">This VIN length should be 17</param>
              <param name="isVehicleOnline">isVehicleOnline Flag should be 'N' or 'Y'('N'=Vehicle is not in online 'Y' =Vehicle is in Online)</param>
             <response code="200">
             <remarks>
             Service Response details
             <ul>
             <li> For valid payload request the response will contains CarFax Reports and error list will be empty</li>
             <li> For invalid payload request the response will have empty Report and contains the error list returns from CarFax service</li>
             </ul>
             </remarks>  
             </response>     
             <response code="404">Purchange of CarFax Not Found</response>   
             <response code="401">Unauthorization</response>                    
             <response code="400">Bad Request</response>                    
             <response code="500">Internal Server Error</response>   
        </member>
        <member name="M:Sonic.CarFax.Api.Controllers.CarFaxWrapper.PurchaseCarFaxReport(Sonic.CarFax.Api.Entities.CarFaxRequest)">
            <summary>
            To purchase a new CARFAX report
            </summary>
            <param name="carFaxRequest">Its contain all required webservice params</param>
            <returns>CarfaxReport -</returns>
        </member>
        <member name="M:Sonic.CarFax.Api.Controllers.CarFaxWrapper.Decrypt(System.String)">
            <summary>
            Decrypts a previously encrypted string.
            </summary>
            <param name="inputText">The encrypted string to decrypt.</param>
            <returns>A decrypted string.</returns>
        </member>
        <member name="P:Sonic.CarFax.Api.Entities.CarfaxReport.VIN">
            <summary>
            Carfax Report
            </summary>
        </member>
        <member name="P:Sonic.CarFax.Api.Entities.CarfaxReport.Report">
            <summary>
             If the report is not existing in the carfax inventory, then we are showing default.
            </summary>
        </member>
        <member name="P:Sonic.CarFax.Api.Entities.CarfaxReport.ExpireDate">
            <summary>
             If the report is not existing in the carfax inventory, expire date as current date  + 30
             </summary>
        </member>
        <member name="T:Sonic.CarFax.Api.Helpers.ValidateModelStateAttribute">
            <summary>
            Model state validation attribute
            </summary>
        </member>
        <member name="M:Sonic.CarFax.Api.Helpers.ValidateModelStateAttribute.OnActionExecuting(Microsoft.AspNetCore.Mvc.Filters.ActionExecutingContext)">
            <summary>
            Called before the action method is invoked
            </summary>
            <param name="context"></param>
        </member>
        <member name="T:Sonic.CarFax.Api.Security.BasicAuthenticationHandler">
            <summary>
            class to handle basic authentication.
            </summary>
        </member>
        <member name="F:Sonic.CarFax.Api.Security.BasicAuthenticationHandler.SchemeName">
            <summary>
            scheme name for authentication handler.
            </summary>
        </member>
        <member name="M:Sonic.CarFax.Api.Security.BasicAuthenticationHandler.HandleAuthenticateAsync">
            <summary>
            verify that require authorization header exists and handle decode data.
            </summary>
        </member>
    </members>
</doc>
