<?xml version="1.0"?>
<doc>
    <assembly>
        <name>OneSIMS.Pricing.API</name>
    </assembly>
    <members>
        <member name="M:OneSIMS.Pricing.API.Controllers.AppraisalPriceController.PushPrice(OneSIMS.Pricing.API.Entities.AppraisalPricingResponse)">
            <summary>
              This endpoint will be called by Sonic pricing team to acknowledge the appraisal pricing request 
            </summary>
             <remarks> 
               After OneSIMS application placed a appraisal price request to Sonic pricing team endpoint
               Sonic Pricing team call this endpoint with price value for requested vehicle
            </remarks>        
            <response code = "200" >
            <remarks>
                Service Response details
                <ul>
                  <li> Returns true for success</li>
                  <li> Returns false for failed</li>
                </ul>
             </remarks>
             </response>
             <response code="400">Bad Request</response>        
             <response code="401">Unauthorized</response> 
             <response code="500">Internal Server Error</response>           
        </member>
        <member name="M:OneSIMS.Pricing.API.Controllers.AppraisalPriceController.PushPriceToPricingModel(OneSIMS.Pricing.API.Entities.VehicleParams)">
             <summary>
                This endpoint will place a On-Demand appraisal price request to Sonic Pricing endpoint
             </summary>
               <remarks>This endpoint accepts the vehicle identity details as payload request then fetch required details from OneSIMS database and place pricing request</remarks>        
            <response code = "200" >
             <remarks>
                  Service Response details
                  <ul>
                    <li> Returns true if request placed successfully to Sonic Pricing endpoint</li>
                    <li> Returns false if request failed </li>
                  </ul>
             </remarks>
             </response>
             <response code="400">Bad Request</response>        
             <response code="401">Unauthorized</response> 
             <response code="500">Internal Server Error</response>           
        </member>
        <member name="T:OneSIMS.Pricing.API.Helpers.ValidateModelStateAttribute">
            <summary>
            Model state validation attribute
            </summary>
        </member>
        <member name="M:OneSIMS.Pricing.API.Helpers.ValidateModelStateAttribute.OnActionExecuting(Microsoft.AspNetCore.Mvc.Filters.ActionExecutingContext)">
            <summary>
            Called before the action method is invoked
            </summary>
            <param name="context"></param>
        </member>
        <member name="T:OneSIMS.Pricing.API.Security.BasicAuthenticationHandler">
            <summary>
            class to handle basic authentication.
            </summary>
        </member>
        <member name="F:OneSIMS.Pricing.API.Security.BasicAuthenticationHandler.SchemeName">
            <summary>
            scheme name for authentication handler.
            </summary>
        </member>
        <member name="M:OneSIMS.Pricing.API.Security.BasicAuthenticationHandler.HandleAuthenticateAsync">
            <summary>
            verify that require authorization header exists and handle decode data.
            </summary>
        </member>
    </members>
</doc>
